-- MySQL dump 10.13  Distrib 8.0.33, for Win64 (x86_64)
--
-- Host: localhost    Database: javatechie
-- ------------------------------------------------------
-- Server version	8.0.33

/*!40101 SET @OLD_CHARACTER_SET_CLIENT=@@CHARACTER_SET_CLIENT */;
/*!40101 SET @OLD_CHARACTER_SET_RESULTS=@@CHARACTER_SET_RESULTS */;
/*!40101 SET @OLD_COLLATION_CONNECTION=@@COLLATION_CONNECTION */;
/*!50503 SET NAMES utf8mb4 */;
/*!40103 SET @OLD_TIME_ZONE=@@TIME_ZONE */;
/*!40103 SET TIME_ZONE='+00:00' */;
/*!40014 SET @OLD_UNIQUE_CHECKS=@@UNIQUE_CHECKS, UNIQUE_CHECKS=0 */;
/*!40014 SET @OLD_FOREIGN_KEY_CHECKS=@@FOREIGN_KEY_CHECKS, FOREIGN_KEY_CHECKS=0 */;
/*!40101 SET @OLD_SQL_MODE=@@SQL_MODE, SQL_MODE='NO_AUTO_VALUE_ON_ZERO' */;
/*!40111 SET @OLD_SQL_NOTES=@@SQL_NOTES, SQL_NOTES=0 */;

--
-- Current Database: `javatechie`
--

CREATE DATABASE /*!32312 IF NOT EXISTS*/ `javatechie` /*!40100 DEFAULT CHARACTER SET utf8mb4 COLLATE utf8mb4_0900_ai_ci */ /*!80016 DEFAULT ENCRYPTION='N' */;

USE `javatechie`;

--
-- Table structure for table `UserCredential`
--

DROP TABLE IF EXISTS `UserCredential`;
/*!40101 SET @saved_cs_client     = @@character_set_client */;
/*!50503 SET character_set_client = utf8mb4 */;
CREATE TABLE `UserCredential` (
  `id` int NOT NULL AUTO_INCREMENT,
  `email` varchar(255) DEFAULT NULL,
  `name` varchar(255) DEFAULT NULL,
  `password` varchar(255) DEFAULT NULL,
  PRIMARY KEY (`id`)
) ENGINE=InnoDB AUTO_INCREMENT=12 DEFAULT CHARSET=utf8mb4 COLLATE=utf8mb4_0900_ai_ci;
/*!40101 SET character_set_client = @saved_cs_client */;

--
-- Dumping data for table `UserCredential`
--

LOCK TABLES `UserCredential` WRITE;
/*!40000 ALTER TABLE `UserCredential` DISABLE KEYS */;
INSERT INTO `UserCredential` VALUES (1,'123@gmail.com','Danny','$2a$10$1HvcDAqF0S4fs4CfigOxQuMsYkum6sUR53JKcpup9hmy4RwcBAPXO'),(2,'Tina@gmail.com','Tina','$2a$10$3tmiMWDEtky8saKr3DVLD.nPKXNyIr8uwQ/Wf1NE/21ByCqSqWS56'),(3,'Zachary@gmail.com','Zachary','$2a$10$N3wDCvxV.WeMMEuYOs3q0ukU1S7Ycnw02nR.uSnchLDt9yOghvbf2'),(4,'Lucy@gmail.com',NULL,'$2a$10$zfYqhaLMLN.aR5fMGFVVsuKPqTO7ivswQrmKGLHzyRcUr5FnXEIDm'),(5,'Peter@gmail.com',NULL,'$2a$10$M6eYuxQoLqPd/fnhw8ZgfODOFvVpmWMCnwXryCwF0vNfwkckXjw02'),(6,'Newbie@gmail.com','Newbie','$2a$10$fESxiHcMGVyNu4gRkEV/xuWTkC.iwqToyE1EJkQHfVEwS4rsmgEoS'),(7,'Newbie1@gmail.com','Newbie1','$2a$10$vr2QQBOcqdRd/W875JKnMeyE0DoVBMMbQHEHGPoHUv6RmIOaIk97m'),(8,'Lee@gmail.com','Lee','$2a$10$qQTYWaaNc3KpdG00YOI1QuuHhX3bBcWmun9.4Sdiy6nM1Bu4JEKAC'),(9,'Lee111@gmail.com','Lee111','$2a$10$DEvCgXobWbdRZBftZLukZeJ16CkgIX.xCuCLZALi4O1kunKBrfGem'),(10,'joe@gmail.com','joe','$2a$10$sVfa8Fva8OXHPG3FvDV/HeS.Cz1kzcgFrof5Tk3HACiJ1QOYyPKPW'),(11,'Hong@gmail.com','Hong','$2a$10$aRO9DoOjXZeTjMxMjqQ4O.e6LWuTWmegnu20ew0pp1xmDjkAKLFni');
/*!40000 ALTER TABLE `UserCredential` ENABLE KEYS */;
UNLOCK TABLES;

--
-- Current Database: `order`
--

CREATE DATABASE /*!32312 IF NOT EXISTS*/ `order` /*!40100 DEFAULT CHARACTER SET utf8mb4 COLLATE utf8mb4_0900_ai_ci */ /*!80016 DEFAULT ENCRYPTION='N' */;

USE `order`;

--
-- Table structure for table `customer_order`
--

DROP TABLE IF EXISTS `customer_order`;
/*!40101 SET @saved_cs_client     = @@character_set_client */;
/*!50503 SET character_set_client = utf8mb4 */;
CREATE TABLE `customer_order` (
  `id` int NOT NULL,
  `create_date` datetime(6) NOT NULL,
  `customer_id` int DEFAULT NULL,
  `last_modified_date` datetime(6) DEFAULT NULL,
  `payment_method` enum('BITCOIN','CREDIT_CARD','MASTER_CARD','PAYPAL','VISA') DEFAULT NULL,
  `reference` varchar(255) DEFAULT NULL,
  `total_amount` decimal(38,2) DEFAULT NULL,
  PRIMARY KEY (`id`)
) ENGINE=InnoDB DEFAULT CHARSET=utf8mb4 COLLATE=utf8mb4_0900_ai_ci;
/*!40101 SET character_set_client = @saved_cs_client */;

--
-- Dumping data for table `customer_order`
--

LOCK TABLES `customer_order` WRITE;
/*!40000 ALTER TABLE `customer_order` DISABLE KEYS */;
INSERT INTO `customer_order` VALUES (1,'2024-10-09 15:32:39.678563',14,NULL,'PAYPAL','MS-20241008',900.00),(2,'2024-10-09 15:35:31.605995',14,NULL,'PAYPAL','MS-20241008',900.00),(52,'2024-10-09 22:27:09.704064',14,NULL,'PAYPAL','MS-20241008',900.00),(53,'2024-10-09 22:45:11.588994',14,NULL,'PAYPAL','MS-20241008',900.00),(552,'2024-10-10 00:05:31.250318',14,NULL,'PAYPAL','MS-20241008',900.00),(553,'2024-10-10 00:21:24.087703',14,NULL,'PAYPAL','MS-20241008',900.00),(554,'2024-10-10 00:26:59.573449',14,NULL,'PAYPAL','MS-20241008',900.00),(555,'2024-10-10 00:36:05.517530',14,NULL,'PAYPAL','MS-20241008',900.00),(556,'2024-10-10 00:41:08.575731',14,NULL,'PAYPAL','MS-20241008',900.00),(602,'2024-10-10 00:48:45.212869',14,NULL,'PAYPAL','MS-20241008',900.00),(603,'2024-10-10 01:06:33.997962',14,NULL,'PAYPAL','MS-20241008',900.00),(604,'2024-10-10 01:20:14.851619',14,NULL,'PAYPAL','MS-20241008',900.00),(652,'2024-10-10 14:10:13.254921',14,NULL,'PAYPAL','MS-20241008',900.00),(653,'2024-10-10 14:16:46.620984',14,NULL,'PAYPAL','MS-20241008',900.00),(654,'2024-10-10 14:19:52.310023',14,NULL,'PAYPAL','MS-20241008',900.00),(655,'2024-10-10 14:25:55.928150',14,NULL,'PAYPAL','MS-20241008',900.00),(656,'2024-10-10 14:27:04.597723',14,NULL,'PAYPAL','MS-20241008',900.00),(657,'2024-10-10 14:29:44.846989',14,NULL,'PAYPAL','MS-20241008',900.00),(658,'2024-10-10 14:31:07.350140',14,NULL,'PAYPAL','MS-20241008',900.00),(659,'2024-10-10 14:32:47.006657',14,NULL,'PAYPAL','MS-20241008',900.00),(660,'2024-10-10 14:34:17.573777',14,NULL,'PAYPAL','MS-20241008',900.00),(661,'2024-10-10 14:37:14.803432',14,NULL,'PAYPAL','MS-20241008',900.00),(662,'2024-10-10 14:47:38.007414',14,NULL,'PAYPAL','MS-20241008',900.00),(663,'2024-10-10 14:55:35.220250',14,NULL,'PAYPAL','MS-20241008',900.00),(1152,'2024-10-10 16:01:35.203778',3,NULL,'PAYPAL','MS-20241008',900.00),(1153,'2024-10-10 16:03:35.429194',3,NULL,'PAYPAL','MS-20241008',900.00),(1154,'2024-10-10 16:06:34.524439',3,NULL,'PAYPAL','MS-20241008',900.00),(1155,'2024-10-10 16:06:50.920871',3,NULL,'PAYPAL','MS-20241008',900.00),(1156,'2024-10-10 16:10:02.107569',3,NULL,'PAYPAL','MS-20241008',900.00),(1202,'2024-10-10 16:13:54.497856',3,NULL,'PAYPAL','MS-20241008',900.00),(1252,'2024-10-10 16:15:26.691034',3,NULL,'PAYPAL','MS-20241008',900.00),(1302,'2024-10-10 16:28:32.306268',3,NULL,'PAYPAL','MS-20241008',900.00),(1303,'2024-10-10 16:50:29.583030',3,NULL,'PAYPAL','MS-20241008',900.00),(1352,'2024-10-10 17:09:24.941973',3,NULL,'PAYPAL','MS-20241008',900.00),(1702,'2024-10-13 18:06:47.929279',4,NULL,'PAYPAL','MS-20241008',900.00),(1703,'2024-10-13 18:07:04.186448',4,NULL,'PAYPAL','MS-20241008',900.00),(1704,'2024-10-13 18:10:34.929970',4,NULL,'PAYPAL','MS-20241008',900.00),(1705,'2024-10-13 18:10:38.130695',4,NULL,'PAYPAL','MS-20241008',900.00),(1706,'2024-10-13 18:10:44.808899',4,NULL,'PAYPAL','MS-20241008',900.00),(1707,'2024-10-13 18:11:31.773308',4,NULL,'PAYPAL','MS-20241008',900.00),(1708,'2024-10-13 18:14:04.196041',4,NULL,'PAYPAL','MS-20241008',900.00),(1709,'2024-10-13 18:19:11.746142',4,NULL,'PAYPAL','MS-20241008',900.00),(1710,'2024-10-13 18:24:46.302443',1,NULL,'PAYPAL','MS-20241008',900.00),(1711,'2024-10-13 18:27:00.716566',1,NULL,'PAYPAL','MS-20241008',900.00),(1752,'2024-10-13 19:21:50.597905',5,NULL,'PAYPAL','MS-20241013',125.00),(1954,'2024-10-17 03:29:44.217930',3,NULL,'PAYPAL','MS-20241008',900.00),(1955,'2024-10-17 03:30:25.572415',3,NULL,'PAYPAL','MS-20241008',900.00),(1956,'2024-10-17 03:30:28.323155',3,NULL,'PAYPAL','MS-20241008',900.00),(1957,'2024-10-17 03:41:49.770722',3,NULL,'PAYPAL','MS-20241008',900.00),(1958,'2024-10-17 03:45:28.387613',3,NULL,'MASTER_CARD','MS-20241013',125.00),(1959,'2024-10-17 03:46:51.057491',3,NULL,'VISA','MS-20241013',125.00),(1960,'2024-10-17 03:48:28.356403',3,NULL,'BITCOIN','MS-20241013',125.00),(1961,'2024-10-17 04:06:00.717197',3,NULL,'CREDIT_CARD','MS-20241013',125.00),(1962,'2024-10-17 04:07:41.071696',3,NULL,'BITCOIN','MS-20241013',125.00),(1963,'2024-10-17 04:23:03.531481',3,NULL,'VISA','MS-20241013',125.00),(1964,'2024-10-17 04:23:27.211318',3,NULL,'PAYPAL','MS-20241013',125.00),(1965,'2024-10-17 04:38:52.826776',3,NULL,'VISA','MS-20241013',125.00),(1966,'2024-10-17 04:40:40.129956',3,NULL,'BITCOIN','MS-20241013',125.00),(2002,'2024-10-20 02:15:39.042815',2,NULL,'BITCOIN','MS2024102049',109.99),(2003,'2024-10-20 02:22:57.504519',2,NULL,'MASTER_CARD','MS2024102049',549.98),(2052,'2024-10-21 18:38:44.671986',2,NULL,'MASTER_CARD','MS2024102185',549.99),(2053,'2024-10-21 18:42:25.872607',2,NULL,'MASTER_CARD','MS2024102194',142.99),(2054,'2024-10-21 18:48:32.820210',2,NULL,'VISA','MS2024102193',120.99),(2055,'2024-10-21 18:49:10.064773',2,NULL,'CREDIT_CARD','MS2024102161',659.99),(2056,'2024-10-21 18:51:23.350619',2,NULL,'VISA','MS2024102147',38.49),(2057,'2024-10-21 18:53:41.802790',2,NULL,'VISA','MS2024102156',879.99),(2058,'2024-10-21 19:07:15.031398',2,NULL,'CREDIT_CARD','MS2024102163',76.99),(2059,'2024-10-21 19:12:52.330912',2,NULL,'BITCOIN','MS2024102147',197.99);
/*!40000 ALTER TABLE `customer_order` ENABLE KEYS */;
UNLOCK TABLES;

--
-- Table structure for table `customer_order_seq`
--

DROP TABLE IF EXISTS `customer_order_seq`;
/*!40101 SET @saved_cs_client     = @@character_set_client */;
/*!50503 SET character_set_client = utf8mb4 */;
CREATE TABLE `customer_order_seq` (
  `next_val` bigint DEFAULT NULL
) ENGINE=InnoDB DEFAULT CHARSET=utf8mb4 COLLATE=utf8mb4_0900_ai_ci;
/*!40101 SET character_set_client = @saved_cs_client */;

--
-- Dumping data for table `customer_order_seq`
--

LOCK TABLES `customer_order_seq` WRITE;
/*!40000 ALTER TABLE `customer_order_seq` DISABLE KEYS */;
INSERT INTO `customer_order_seq` VALUES (2151);
/*!40000 ALTER TABLE `customer_order_seq` ENABLE KEYS */;
UNLOCK TABLES;

--
-- Table structure for table `order_line`
--

DROP TABLE IF EXISTS `order_line`;
/*!40101 SET @saved_cs_client     = @@character_set_client */;
/*!50503 SET character_set_client = utf8mb4 */;
CREATE TABLE `order_line` (
  `id` int NOT NULL,
  `product_id` int DEFAULT NULL,
  `quantity` double NOT NULL,
  `order_id` int DEFAULT NULL,
  PRIMARY KEY (`id`),
  KEY `FKhx2sh9w4yimwp265ak68pa7i5` (`order_id`),
  CONSTRAINT `FKhx2sh9w4yimwp265ak68pa7i5` FOREIGN KEY (`order_id`) REFERENCES `customer_order` (`id`)
) ENGINE=InnoDB DEFAULT CHARSET=utf8mb4 COLLATE=utf8mb4_0900_ai_ci;
/*!40101 SET character_set_client = @saved_cs_client */;

--
-- Dumping data for table `order_line`
--

LOCK TABLES `order_line` WRITE;
/*!40000 ALTER TABLE `order_line` DISABLE KEYS */;
INSERT INTO `order_line` VALUES (1,1,1,1),(2,251,1,1),(3,851,1,1),(52,1,1,2),(53,251,1,2),(54,851,1,2),(102,1,1,52),(103,251,1,52),(104,851,1,52),(105,1,1,53),(106,251,1,53),(107,851,1,53),(602,1,1,552),(603,251,1,552),(604,851,1,552),(605,1,1,553),(606,251,1,553),(607,851,1,553),(608,1,1,554),(609,251,1,554),(610,851,1,554),(611,1,1,555),(612,251,1,555),(613,851,1,555),(614,1,1,556),(615,251,1,556),(616,851,1,556),(652,1,1,602),(653,251,1,602),(654,851,1,602),(655,1,1,603),(656,251,1,603),(657,851,1,603),(658,1,1,604),(659,251,1,604),(660,851,1,604),(702,1,1,652),(703,251,1,652),(704,851,1,652),(705,1,1,653),(706,251,1,653),(707,851,1,653),(708,1,1,654),(709,251,1,654),(710,851,1,654),(711,1,1,655),(712,251,1,655),(713,851,1,655),(714,1,1,656),(715,251,1,656),(716,851,1,656),(717,1,1,657),(718,251,1,657),(719,851,1,657),(720,1,1,658),(721,251,1,658),(722,851,1,658),(723,1,1,659),(724,251,1,659),(725,851,1,659),(726,1,1,660),(727,251,1,660),(728,851,1,660),(729,1,1,661),(730,251,1,661),(731,851,1,661),(732,1,1,662),(733,251,1,662),(734,851,1,662),(735,1,1,663),(736,251,1,663),(737,851,1,663),(1202,1,1,1152),(1203,251,1,1152),(1204,851,1,1152),(1205,1,1,1153),(1206,251,1,1153),(1207,851,1,1153),(1208,1,1,1154),(1209,251,1,1154),(1210,851,1,1154),(1211,1,1,1155),(1212,251,1,1155),(1213,851,1,1155),(1214,1,1,1156),(1215,251,1,1156),(1216,851,1,1156),(1252,1,1,1202),(1253,251,1,1202),(1254,851,1,1202),(1302,1,1,1252),(1303,251,1,1252),(1304,851,1,1252),(1352,1,1,1302),(1353,251,1,1302),(1354,851,1,1302),(1355,1,1,1303),(1356,251,1,1303),(1357,851,1,1303),(1402,1,1,1352),(1403,251,1,1352),(1404,851,1,1352),(1802,1,1,1702),(1803,251,1,1702),(1804,851,1,1702),(1805,1,1,1703),(1806,251,1,1703),(1807,851,1,1703),(1808,1,1,1704),(1809,251,1,1704),(1810,851,1,1704),(1811,1,1,1705),(1812,251,1,1705),(1813,851,1,1705),(1814,1,1,1706),(1815,251,1,1706),(1816,851,1,1706),(1817,1,1,1707),(1818,251,1,1707),(1819,851,1,1707),(1820,1,1,1708),(1821,251,1,1708),(1822,851,1,1708),(1823,1,1,1709),(1824,251,1,1709),(1825,851,1,1709),(1826,1,1,1710),(1827,251,1,1710),(1828,851,1,1710),(1829,1,1,1711),(1830,251,1,1711),(1831,851,1,1711),(1852,1,1,1752),(1853,251,1,1752),(1854,851,1,1752),(2058,1,1,1954),(2059,251,1,1954),(2060,851,1,1954),(2061,1,1,1955),(2062,251,1,1955),(2063,851,1,1955),(2064,1,1,1956),(2065,251,1,1956),(2066,851,1,1956),(2067,1,1,1957),(2068,251,1,1957),(2069,851,1,1957),(2070,1,1,1958),(2071,251,1,1958),(2072,851,1,1958),(2073,1,1,1959),(2074,251,1,1959),(2075,851,1,1959),(2076,1,1,1960),(2077,251,1,1960),(2078,851,1,1960),(2079,1,1,1961),(2080,251,1,1961),(2081,851,1,1961),(2082,1,1,1962),(2083,251,1,1962),(2084,851,1,1962),(2085,1,1,1963),(2086,251,1,1963),(2087,851,1,1963),(2088,1,1,1964),(2089,251,1,1964),(2090,851,1,1964),(2091,1,1,1965),(2092,251,1,1965),(2093,851,1,1965),(2094,1,1,1966),(2095,251,1,1966),(2096,851,1,1966),(2102,1,1,2002),(2103,1,1,2003),(2104,251,1,2003),(2152,301,1,2052),(2153,101,1,2053),(2154,151,1,2054),(2155,551,1,2055),(2156,1001,1,2056),(2157,501,1,2057),(2158,201,1,2058),(2159,351,1,2059);
/*!40000 ALTER TABLE `order_line` ENABLE KEYS */;
UNLOCK TABLES;

--
-- Table structure for table `order_line_seq`
--

DROP TABLE IF EXISTS `order_line_seq`;
/*!40101 SET @saved_cs_client     = @@character_set_client */;
/*!50503 SET character_set_client = utf8mb4 */;
CREATE TABLE `order_line_seq` (
  `next_val` bigint DEFAULT NULL
) ENGINE=InnoDB DEFAULT CHARSET=utf8mb4 COLLATE=utf8mb4_0900_ai_ci;
/*!40101 SET character_set_client = @saved_cs_client */;

--
-- Dumping data for table `order_line_seq`
--

LOCK TABLES `order_line_seq` WRITE;
/*!40000 ALTER TABLE `order_line_seq` DISABLE KEYS */;
INSERT INTO `order_line_seq` VALUES (2251);
/*!40000 ALTER TABLE `order_line_seq` ENABLE KEYS */;
UNLOCK TABLES;

--
-- Table structure for table `order_seq`
--

DROP TABLE IF EXISTS `order_seq`;
/*!40101 SET @saved_cs_client     = @@character_set_client */;
/*!50503 SET character_set_client = utf8mb4 */;
CREATE TABLE `order_seq` (
  `next_val` bigint DEFAULT NULL
) ENGINE=InnoDB DEFAULT CHARSET=utf8mb4 COLLATE=utf8mb4_0900_ai_ci;
/*!40101 SET character_set_client = @saved_cs_client */;

--
-- Dumping data for table `order_seq`
--

LOCK TABLES `order_seq` WRITE;
/*!40000 ALTER TABLE `order_seq` DISABLE KEYS */;
INSERT INTO `order_seq` VALUES (1);
/*!40000 ALTER TABLE `order_seq` ENABLE KEYS */;
UNLOCK TABLES;

--
-- Current Database: `customer`
--

CREATE DATABASE /*!32312 IF NOT EXISTS*/ `customer` /*!40100 DEFAULT CHARACTER SET utf8mb4 COLLATE utf8mb4_0900_ai_ci */ /*!80016 DEFAULT ENCRYPTION='N' */;

USE `customer`;

--
-- Table structure for table `customer`
--

DROP TABLE IF EXISTS `customer`;
/*!40101 SET @saved_cs_client     = @@character_set_client */;
/*!50503 SET character_set_client = utf8mb4 */;
CREATE TABLE `customer` (
  `id` int NOT NULL AUTO_INCREMENT,
  `house_number` varchar(255) DEFAULT NULL,
  `street` varchar(255) DEFAULT NULL,
  `zip_code` varchar(255) DEFAULT NULL,
  `email` varchar(255) DEFAULT NULL,
  `first_name` varchar(255) DEFAULT NULL,
  `last_name` varchar(255) DEFAULT NULL,
  PRIMARY KEY (`id`)
) ENGINE=InnoDB AUTO_INCREMENT=6 DEFAULT CHARSET=utf8mb4 COLLATE=utf8mb4_0900_ai_ci;
/*!40101 SET character_set_client = @saved_cs_client */;

--
-- Dumping data for table `customer`
--

LOCK TABLES `customer` WRITE;
/*!40000 ALTER TABLE `customer` DISABLE KEYS */;
INSERT INTO `customer` VALUES (1,'123','lambert ave','50001','john@gmail.com','teddy','swims'),(2,'1333','lambert ave','50001','lucy@gmail.com','Lucy','Z'),(3,'1243','lambert ave','50001','Danny@gmail.com','Danny','L'),(4,'4343','lambert ave','50001','peter@gmail.com','peter','L'),(5,'111','5th st','78222','Bo@gmail.com','Lee','Bo');
/*!40000 ALTER TABLE `customer` ENABLE KEYS */;
UNLOCK TABLES;

--
-- Current Database: `payment`
--

CREATE DATABASE /*!32312 IF NOT EXISTS*/ `payment` /*!40100 DEFAULT CHARACTER SET utf8mb4 COLLATE utf8mb4_0900_ai_ci */ /*!80016 DEFAULT ENCRYPTION='N' */;

USE `payment`;

--
-- Table structure for table `payment`
--

DROP TABLE IF EXISTS `payment`;
/*!40101 SET @saved_cs_client     = @@character_set_client */;
/*!50503 SET character_set_client = utf8mb4 */;
CREATE TABLE `payment` (
  `id` int NOT NULL AUTO_INCREMENT,
  `amount` decimal(38,2) DEFAULT NULL,
  `create_date` datetime(6) NOT NULL,
  `last_modified_date` datetime(6) DEFAULT NULL,
  `order_id` int DEFAULT NULL,
  `payment_method` enum('BITCOIN','CREDIT_CARD','MASTER_CARD','PAYPAL','VISA') DEFAULT NULL,
  PRIMARY KEY (`id`)
) ENGINE=InnoDB AUTO_INCREMENT=118 DEFAULT CHARSET=utf8mb4 COLLATE=utf8mb4_0900_ai_ci;
/*!40101 SET character_set_client = @saved_cs_client */;

--
-- Dumping data for table `payment`
--

LOCK TABLES `payment` WRITE;
/*!40000 ALTER TABLE `payment` DISABLE KEYS */;
INSERT INTO `payment` VALUES (1,900.00,'2024-10-09 23:48:49.954428',NULL,352,'PAYPAL'),(2,900.00,'2024-10-09 23:51:28.969046',NULL,402,'PAYPAL'),(3,900.00,'2024-10-09 23:54:06.205784',NULL,452,'PAYPAL'),(4,900.00,'2024-10-09 23:57:25.204770',NULL,453,'PAYPAL'),(5,900.00,'2024-10-09 23:57:27.033006',NULL,454,'PAYPAL'),(6,900.00,'2024-10-09 23:57:27.810109',NULL,455,'PAYPAL'),(7,900.00,'2024-10-09 23:58:08.744265',NULL,502,'PAYPAL'),(8,900.00,'2024-10-09 23:58:11.213789',NULL,503,'PAYPAL'),(9,900.00,'2024-10-09 23:58:17.265876',NULL,504,'PAYPAL'),(10,900.00,'2024-10-10 00:05:31.282641',NULL,552,'PAYPAL'),(11,900.00,'2024-10-10 00:21:24.095826',NULL,553,'PAYPAL'),(12,900.00,'2024-10-10 00:26:59.581453',NULL,554,'PAYPAL'),(13,900.00,'2024-10-10 00:36:05.527105',NULL,555,'PAYPAL'),(14,900.00,'2024-10-10 00:41:08.584718',NULL,556,'PAYPAL'),(15,900.00,'2024-10-10 00:48:45.245192',NULL,602,'PAYPAL'),(16,900.00,'2024-10-10 01:06:34.005973',NULL,603,'PAYPAL'),(17,900.00,'2024-10-10 01:20:14.861174',NULL,604,'PAYPAL'),(18,900.00,'2024-10-10 14:10:13.483287',NULL,652,'PAYPAL'),(19,900.00,'2024-10-10 14:16:46.630607',NULL,653,'PAYPAL'),(20,900.00,'2024-10-10 14:19:52.319033',NULL,654,'PAYPAL'),(21,900.00,'2024-10-10 14:25:55.937153',NULL,655,'PAYPAL'),(22,900.00,'2024-10-10 14:27:04.606723',NULL,656,'PAYPAL'),(23,900.00,'2024-10-10 14:29:44.854982',NULL,657,'PAYPAL'),(24,900.00,'2024-10-10 14:31:07.357873',NULL,658,'PAYPAL'),(25,900.00,'2024-10-10 14:32:47.014639',NULL,659,'PAYPAL'),(26,900.00,'2024-10-10 14:34:17.581252',NULL,660,'PAYPAL'),(27,900.00,'2024-10-10 14:37:14.812443',NULL,661,'PAYPAL'),(28,900.00,'2024-10-10 14:47:38.017060',NULL,662,'PAYPAL'),(29,900.00,'2024-10-10 14:55:35.338406',NULL,663,'PAYPAL'),(30,900.00,'2024-10-10 14:57:34.995841',NULL,664,'PAYPAL'),(31,900.00,'2024-10-10 15:04:27.560061',NULL,665,'PAYPAL'),(32,900.00,'2024-10-10 15:09:11.008813',NULL,702,'PAYPAL'),(33,900.00,'2024-10-10 15:22:47.766883',NULL,752,'PAYPAL'),(34,900.00,'2024-10-10 15:23:35.983671',NULL,753,'PAYPAL'),(35,900.00,'2024-10-10 15:25:40.799658',NULL,802,'PAYPAL'),(36,900.00,'2024-10-10 15:34:21.086563',NULL,852,'PAYPAL'),(37,900.00,'2024-10-10 15:34:21.086563',NULL,853,'PAYPAL'),(38,900.00,'2024-10-10 15:34:21.086563',NULL,854,'PAYPAL'),(39,900.00,'2024-10-10 15:35:38.545742',NULL,902,'PAYPAL'),(40,900.00,'2024-10-10 15:54:14.284165',NULL,952,'PAYPAL'),(41,900.00,'2024-10-10 15:55:50.494689',NULL,1002,'PAYPAL'),(42,900.00,'2024-10-10 15:59:58.637004',NULL,1052,'PAYPAL'),(43,900.00,'2024-10-10 16:02:13.963477',NULL,1152,'PAYPAL'),(44,900.00,'2024-10-10 16:03:35.576927',NULL,1153,'PAYPAL'),(45,900.00,'2024-10-10 16:06:34.535431',NULL,1154,'PAYPAL'),(46,900.00,'2024-10-10 16:06:50.929875',NULL,1155,'PAYPAL'),(47,900.00,'2024-10-10 16:10:02.116113',NULL,1156,'PAYPAL'),(48,900.00,'2024-10-10 16:14:36.421937',NULL,1202,'PAYPAL'),(49,900.00,'2024-10-10 16:15:26.724135',NULL,1252,'PAYPAL'),(50,900.00,'2024-10-10 16:28:32.339884',NULL,1302,'PAYPAL'),(51,900.00,'2024-10-10 16:50:29.592027',NULL,1303,'PAYPAL'),(52,900.00,'2024-10-10 17:09:24.979973',NULL,1352,'PAYPAL'),(53,900.00,'2024-10-11 00:44:44.995555',NULL,1402,'PAYPAL'),(54,900.00,'2024-10-11 00:46:15.468943',NULL,1403,'PAYPAL'),(55,900.00,'2024-10-11 00:46:51.217290',NULL,1452,'PAYPAL'),(56,900.00,'2024-10-12 11:41:01.544778',NULL,1502,'PAYPAL'),(57,900.00,'2024-10-12 11:46:43.011950',NULL,1503,'PAYPAL'),(58,900.00,'2024-10-13 15:40:39.479004',NULL,1552,'PAYPAL'),(59,900.00,'2024-10-13 15:42:49.730622',NULL,1553,'PAYPAL'),(60,900.00,'2024-10-13 15:46:17.726878',NULL,1554,'PAYPAL'),(61,900.00,'2024-10-13 16:23:55.193246',NULL,1555,'PAYPAL'),(62,900.00,'2024-10-13 16:25:09.444555',NULL,1556,'PAYPAL'),(63,900.00,'2024-10-13 16:27:36.671591',NULL,1560,'PAYPAL'),(64,900.00,'2024-10-13 16:31:04.890785',NULL,1561,'PAYPAL'),(65,900.00,'2024-10-13 16:31:44.947238',NULL,1562,'PAYPAL'),(66,900.00,'2024-10-13 16:32:22.635435',NULL,1563,'PAYPAL'),(67,900.00,'2024-10-13 16:32:36.406971',NULL,1564,'PAYPAL'),(68,900.00,'2024-10-13 16:37:33.272869',NULL,1565,'PAYPAL'),(69,900.00,'2024-10-13 17:00:58.673664',NULL,1566,'PAYPAL'),(70,900.00,'2024-10-13 17:07:50.859652',NULL,1567,'PAYPAL'),(71,900.00,'2024-10-13 17:07:55.902978',NULL,1568,'PAYPAL'),(72,900.00,'2024-10-13 17:08:44.808698',NULL,1569,'PAYPAL'),(73,900.00,'2024-10-13 17:17:46.912869',NULL,1570,'PAYPAL'),(74,900.00,'2024-10-13 17:19:27.277596',NULL,1602,'PAYPAL'),(75,900.00,'2024-10-13 17:36:15.581330',NULL,1603,'PAYPAL'),(76,900.00,'2024-10-13 17:37:46.061789',NULL,1604,'PAYPAL'),(77,900.00,'2024-10-13 17:42:05.050299',NULL,1605,'PAYPAL'),(78,900.00,'2024-10-13 17:46:41.890286',NULL,1606,'PAYPAL'),(79,900.00,'2024-10-13 17:46:43.996896',NULL,1607,'PAYPAL'),(80,900.00,'2024-10-13 17:47:01.091541',NULL,1608,'PAYPAL'),(81,900.00,'2024-10-13 17:49:14.477961',NULL,1609,'PAYPAL'),(82,900.00,'2024-10-13 17:49:51.271618',NULL,1610,'PAYPAL'),(83,900.00,'2024-10-13 17:54:53.495105',NULL,1652,'PAYPAL'),(84,900.00,'2024-10-13 18:06:47.965564',NULL,1702,'PAYPAL'),(85,900.00,'2024-10-13 18:07:04.192910',NULL,1703,'PAYPAL'),(86,900.00,'2024-10-13 18:10:34.941358',NULL,1704,'PAYPAL'),(87,900.00,'2024-10-13 18:10:38.138698',NULL,1705,'PAYPAL'),(88,900.00,'2024-10-13 18:10:44.815890',NULL,1706,'PAYPAL'),(89,900.00,'2024-10-13 18:11:31.781309',NULL,1707,'PAYPAL'),(90,900.00,'2024-10-13 18:14:04.203272',NULL,1708,'PAYPAL'),(91,900.00,'2024-10-13 18:19:11.754152',NULL,1709,'PAYPAL'),(92,900.00,'2024-10-13 18:24:46.311112',NULL,1710,'PAYPAL'),(93,900.00,'2024-10-13 18:27:00.724654',NULL,1711,'PAYPAL'),(94,125.00,'2024-10-13 19:21:50.803977',NULL,1752,'PAYPAL'),(95,900.00,'2024-10-17 03:29:45.503357',NULL,1954,'PAYPAL'),(96,900.00,'2024-10-17 03:30:25.584415',NULL,1955,'PAYPAL'),(97,900.00,'2024-10-17 03:30:28.335158',NULL,1956,'PAYPAL'),(98,900.00,'2024-10-17 03:41:49.781728',NULL,1957,'PAYPAL'),(99,125.00,'2024-10-17 03:45:28.430202',NULL,1958,'MASTER_CARD'),(100,125.00,'2024-10-17 03:46:51.067489',NULL,1959,'VISA'),(101,125.00,'2024-10-17 03:48:28.367404',NULL,1960,'BITCOIN'),(102,125.00,'2024-10-17 04:06:00.764111',NULL,1961,'CREDIT_CARD'),(103,125.00,'2024-10-17 04:07:41.081694',NULL,1962,'BITCOIN'),(104,125.00,'2024-10-17 04:23:03.551710',NULL,1963,'VISA'),(105,125.00,'2024-10-17 04:23:27.222003',NULL,1964,'PAYPAL'),(106,125.00,'2024-10-17 04:38:52.876156',NULL,1965,'VISA'),(107,125.00,'2024-10-17 04:40:40.143952',NULL,1966,'BITCOIN'),(108,109.99,'2024-10-20 02:15:41.807268',NULL,2002,'BITCOIN'),(109,549.98,'2024-10-20 02:22:57.545592',NULL,2003,'MASTER_CARD'),(110,549.99,'2024-10-21 18:38:45.197375',NULL,2052,'MASTER_CARD'),(111,142.99,'2024-10-21 18:42:25.881604',NULL,2053,'MASTER_CARD'),(112,120.99,'2024-10-21 18:48:32.828213',NULL,2054,'VISA'),(113,659.99,'2024-10-21 18:49:10.071769',NULL,2055,'CREDIT_CARD'),(114,38.49,'2024-10-21 18:51:23.360816',NULL,2056,'VISA'),(115,879.99,'2024-10-21 18:53:41.811790',NULL,2057,'VISA'),(116,76.99,'2024-10-21 19:07:15.047636',NULL,2058,'CREDIT_CARD'),(117,197.99,'2024-10-21 19:12:52.340828',NULL,2059,'BITCOIN');
/*!40000 ALTER TABLE `payment` ENABLE KEYS */;
UNLOCK TABLES;

--
-- Current Database: `product`
--

CREATE DATABASE /*!32312 IF NOT EXISTS*/ `product` /*!40100 DEFAULT CHARACTER SET utf8mb4 COLLATE utf8mb4_0900_ai_ci */ /*!80016 DEFAULT ENCRYPTION='N' */;

USE `product`;

--
-- Table structure for table `category`
--

DROP TABLE IF EXISTS `category`;
/*!40101 SET @saved_cs_client     = @@character_set_client */;
/*!50503 SET character_set_client = utf8mb4 */;
CREATE TABLE `category` (
  `id` int NOT NULL,
  `description` varchar(255) DEFAULT NULL,
  `name` varchar(255) DEFAULT NULL,
  PRIMARY KEY (`id`)
) ENGINE=InnoDB DEFAULT CHARSET=utf8mb4 COLLATE=utf8mb4_0900_ai_ci;
/*!40101 SET character_set_client = @saved_cs_client */;

--
-- Dumping data for table `category`
--

LOCK TABLES `category` WRITE;
/*!40000 ALTER TABLE `category` DISABLE KEYS */;
INSERT INTO `category` VALUES (1,'Computer Keyboards','Keyboards'),(51,'Computer Monitors','Monitors'),(101,'Display Screens','Screens'),(151,'Computer Mice','Mice'),(201,'Computer Accessories','Accessories');
/*!40000 ALTER TABLE `category` ENABLE KEYS */;
UNLOCK TABLES;

--
-- Table structure for table `category_seq`
--

DROP TABLE IF EXISTS `category_seq`;
/*!40101 SET @saved_cs_client     = @@character_set_client */;
/*!50503 SET character_set_client = utf8mb4 */;
CREATE TABLE `category_seq` (
  `next_val` bigint DEFAULT NULL
) ENGINE=InnoDB DEFAULT CHARSET=utf8mb4 COLLATE=utf8mb4_0900_ai_ci;
/*!40101 SET character_set_client = @saved_cs_client */;

--
-- Dumping data for table `category_seq`
--

LOCK TABLES `category_seq` WRITE;
/*!40000 ALTER TABLE `category_seq` DISABLE KEYS */;
INSERT INTO `category_seq` VALUES (1);
/*!40000 ALTER TABLE `category_seq` ENABLE KEYS */;
UNLOCK TABLES;

--
-- Table structure for table `product`
--

DROP TABLE IF EXISTS `product`;
/*!40101 SET @saved_cs_client     = @@character_set_client */;
/*!50503 SET character_set_client = utf8mb4 */;
CREATE TABLE `product` (
  `id` int NOT NULL,
  `available_quantity` double NOT NULL,
  `description` varchar(255) DEFAULT NULL,
  `name` varchar(255) DEFAULT NULL,
  `price` decimal(38,2) DEFAULT NULL,
  `category_id` int DEFAULT NULL,
  PRIMARY KEY (`id`),
  KEY `FK1mtsbur82frn64de7balymq9s` (`category_id`),
  CONSTRAINT `FK1mtsbur82frn64de7balymq9s` FOREIGN KEY (`category_id`) REFERENCES `category` (`id`)
) ENGINE=InnoDB DEFAULT CHARSET=utf8mb4 COLLATE=utf8mb4_0900_ai_ci;
/*!40101 SET character_set_client = @saved_cs_client */;

--
-- Dumping data for table `product`
--

LOCK TABLES `product` WRITE;
/*!40000 ALTER TABLE `product` DISABLE KEYS */;
INSERT INTO `product` VALUES (1,992,'Mechanical keyboard with customizable RGB lighting','Mechanical Keyboard 1',99.99,1),(51,15,'Wireless compact keyboard with Bluetooth connectivity','Wireless Compact Keyboard 1',79.99,1),(101,19,'Backlit gaming keyboard with mechanical switches','Gaming Keyboard 1',129.99,1),(151,24,'Mechanical keyboard with ergonomic design','Ergonomic Keyboard 1',109.99,1),(201,17,'Wireless keyboard and mouse combo','Wireless Combo 1',69.99,1),(251,879,'27-inch IPS monitor with 4K resolution','4K Monitor 1',399.99,51),(301,24,'Ultra-wide gaming monitor with 144Hz refresh rate','Ultra-wide Gaming Monitor 1',499.99,51),(351,21,'24-inch LED monitor with 1080p resolution','Office Monitor 1',179.99,51),(401,28,'32-inch curved monitor with 1440p resolution','Curved Monitor 1',329.99,51),(451,35,'Portable USB-C monitor for on-the-go use','Portable Monitor 1',249.99,51),(501,14,'Curved OLED gaming monitor with 240Hz refresh rate','Curved OLED Gaming Monitor 1',799.99,101),(551,17,'Flat QLED monitor with 4K resolution','QLED Monitor 1',599.99,101),(601,22,'27-inch touch screen display with stylus support','Touch Screen Display 1',699.99,101),(651,20,'Ultra-slim 4K HDR display','Ultra-slim 4K HDR Display 1',449.99,101),(701,25,'Gaming projector with 4K resolution','Gaming Projector 1',899.99,101),(751,30,'Wireless gaming mouse with RGB lighting','RGB Gaming Mouse 1',59.99,151),(801,28,'Ergonomic wired mouse with extra buttons','Ergonomic Wired Mouse 1',29.99,151),(851,880,'Ambidextrous gaming mouse with customizable buttons','Ambidextrous Gaming Mouse 1',69.99,151),(901,26,'Travel-sized compact mouse','Travel Mouse 1',19.99,151),(951,35,'Vertical ergonomic mouse for wrist comfort','Vertical Ergonomic Mouse 1',39.99,151),(1001,24,'Adjustable laptop stand with cooling fan','Adjustable Laptop Stand 1',34.99,201),(1051,20,'Wireless charging pad for mobile devices','Wireless Charging Pad 1',24.99,201),(1101,28,'Gaming headset stand with RGB lighting','RGB Headset Stand 1',49.99,201),(1151,22,'Bluetooth mechanical keypad with customizable keys','Bluetooth Keypad 1',39.99,201),(1201,30,'External hard drive with 1TB capacity','External Hard Drive 1',29.99,201);
/*!40000 ALTER TABLE `product` ENABLE KEYS */;
UNLOCK TABLES;

--
-- Table structure for table `product_seq`
--

DROP TABLE IF EXISTS `product_seq`;
/*!40101 SET @saved_cs_client     = @@character_set_client */;
/*!50503 SET character_set_client = utf8mb4 */;
CREATE TABLE `product_seq` (
  `next_val` bigint DEFAULT NULL
) ENGINE=InnoDB DEFAULT CHARSET=utf8mb4 COLLATE=utf8mb4_0900_ai_ci;
/*!40101 SET character_set_client = @saved_cs_client */;

--
-- Dumping data for table `product_seq`
--

LOCK TABLES `product_seq` WRITE;
/*!40000 ALTER TABLE `product_seq` DISABLE KEYS */;
INSERT INTO `product_seq` VALUES (1);
/*!40000 ALTER TABLE `product_seq` ENABLE KEYS */;
UNLOCK TABLES;
/*!40103 SET TIME_ZONE=@OLD_TIME_ZONE */;

/*!40101 SET SQL_MODE=@OLD_SQL_MODE */;
/*!40014 SET FOREIGN_KEY_CHECKS=@OLD_FOREIGN_KEY_CHECKS */;
/*!40014 SET UNIQUE_CHECKS=@OLD_UNIQUE_CHECKS */;
/*!40101 SET CHARACTER_SET_CLIENT=@OLD_CHARACTER_SET_CLIENT */;
/*!40101 SET CHARACTER_SET_RESULTS=@OLD_CHARACTER_SET_RESULTS */;
/*!40101 SET COLLATION_CONNECTION=@OLD_COLLATION_CONNECTION */;
/*!40111 SET SQL_NOTES=@OLD_SQL_NOTES */;

-- Dump completed on 2024-10-31 14:31:57
